[
{
  "model": "admin.logentry",
  "pk": 1,
  "fields": {
    "action_time": "2021-07-01T08:45:07.745Z",
    "user": 1,
    "content_type": 10,
    "object_id": "1701",
    "object_repr": "Particle and nuclear physics Store1",
    "action_flag": 2,
    "change_message": "[{\"changed\": {\"fields\": [\"Name\"]}}]"
  }
},
{
  "model": "admin.logentry",
  "pk": 2,
  "fields": {
    "action_time": "2021-07-01T09:07:44.594Z",
    "user": 1,
    "content_type": 10,
    "object_id": "1704",
    "object_repr": "Test Store",
    "action_flag": 1,
    "change_message": "[{\"added\": {}}]"
  }
},
{
  "model": "auth.user",
  "pk": 1,
  "fields": {
    "password": "pbkdf2_sha256$260000$G47sU4ZncEOyUHmUwx5DYs$aaix9kPhhxPCIqMnmiZi40XvalGQqCEWZXacX6vN93o=",
    "last_login": "2021-07-01T06:57:54.588Z",
    "is_superuser": true,
    "username": "sergemk",
    "first_name": "",
    "last_name": "",
    "email": "sergemk@entecheco.com",
    "is_staff": true,
    "is_active": true,
    "date_joined": "2021-06-28T09:09:16.951Z",
    "groups": [],
    "user_permissions": []
  }
},
{
  "model": "contenttypes.contenttype",
  "pk": 1,
  "fields": {
    "app_label": "admin",
    "model": "logentry"
  }
},
{
  "model": "contenttypes.contenttype",
  "pk": 2,
  "fields": {
    "app_label": "auth",
    "model": "permission"
  }
},
{
  "model": "contenttypes.contenttype",
  "pk": 3,
  "fields": {
    "app_label": "auth",
    "model": "group"
  }
},
{
  "model": "contenttypes.contenttype",
  "pk": 4,
  "fields": {
    "app_label": "auth",
    "model": "user"
  }
},
{
  "model": "contenttypes.contenttype",
  "pk": 5,
  "fields": {
    "app_label": "contenttypes",
    "model": "contenttype"
  }
},
{
  "model": "contenttypes.contenttype",
  "pk": 6,
  "fields": {
    "app_label": "sessions",
    "model": "session"
  }
},
{
  "model": "contenttypes.contenttype",
  "pk": 7,
  "fields": {
    "app_label": "ann_agg",
    "model": "author"
  }
},
{
  "model": "contenttypes.contenttype",
  "pk": 8,
  "fields": {
    "app_label": "ann_agg",
    "model": "book"
  }
},
{
  "model": "contenttypes.contenttype",
  "pk": 9,
  "fields": {
    "app_label": "ann_agg",
    "model": "publisher"
  }
},
{
  "model": "contenttypes.contenttype",
  "pk": 10,
  "fields": {
    "app_label": "ann_agg",
    "model": "store"
  }
},
{
  "model": "sessions.session",
  "pk": "io6g0oc3xozddpj8li4lzwqe62y7gkhn",
  "fields": {
    "session_data": ".eJxVjLsOwjAMAP8lM4ryaJzAyM43VHYdkwJKpaadEP-OInWA9e50bzXivpVxb3kdZ1YXZdXplxFOz1y74AfW-6KnpW7rTLon-rBN3xbOr-vR_g0KttK3GOTMAESYjBjKcRJPwSUDgZ1EGjzYDA4SoRcWH2L2KIiJYYjOqs8X-vo4YA:1lyqe2:kEP1mnwLpkOcMREsEp-ZQq9WAFqnu4xurpSEWFflkRg",
    "expire_date": "2021-07-15T06:57:54.658Z"
  }
},
{
  "model": "sessions.session",
  "pk": "mwypkaq4ppqh4zjyuo2hpx6mhqakq5tw",
  "fields": {
    "session_data": ".eJxVjLsOwjAMAP8lM4ryaJzAyM43VHYdkwJKpaadEP-OInWA9e50bzXivpVxb3kdZ1YXZdXplxFOz1y74AfW-6KnpW7rTLon-rBN3xbOr-vR_g0KttK3GOTMAESYjBjKcRJPwSUDgZ1EGjzYDA4SoRcWH2L2KIiJYYjOqs8X-vo4YA:1lxnGu:RGanncLWGT7c4OalRnMM90lQwyuiLuZkv-FdWEs9A2I",
    "expire_date": "2021-07-12T09:09:40.184Z"
  }
},
{
  "model": "ann_agg.author",
  "pk": 11214,
  "fields": {
    "name": "Junker, G",
    "age": 62
  }
},
{
  "model": "ann_agg.author",
  "pk": 11215,
  "fields": {
    "name": "Yin, R",
    "age": 58
  }
},
{
  "model": "ann_agg.author",
  "pk": 11216,
  "fields": {
    "name": "Watts, S",
    "age": 52
  }
},
{
  "model": "ann_agg.author",
  "pk": 11217,
  "fields": {
    "name": "Erickson, P H P",
    "age": 33
  }
},
{
  "model": "ann_agg.author",
  "pk": 11218,
  "fields": {
    "name": "Parker, D",
    "age": 74
  }
},
{
  "model": "ann_agg.author",
  "pk": 11219,
  "fields": {
    "name": "Ferry, D K",
    "age": 60
  }
},
{
  "model": "ann_agg.author",
  "pk": 11220,
  "fields": {
    "name": "Nahmad-Achar, E",
    "age": 56
  }
},
{
  "model": "ann_agg.author",
  "pk": 11221,
  "fields": {
    "name": "Prša, A",
    "age": 46
  }
},
{
  "model": "ann_agg.author",
  "pk": 11222,
  "fields": {
    "name": "Keidar, M",
    "age": 54
  }
},
{
  "model": "ann_agg.author",
  "pk": 11223,
  "fields": {
    "name": "Kolata, J J",
    "age": 78
  }
},
{
  "model": "ann_agg.author",
  "pk": 11224,
  "fields": {
    "name": "Khanna, V K",
    "age": 54
  }
},
{
  "model": "ann_agg.author",
  "pk": 11225,
  "fields": {
    "name": "Lee, C",
    "age": 70
  }
},
{
  "model": "ann_agg.author",
  "pk": 11226,
  "fields": {
    "name": "Merle, A",
    "age": 38
  }
},
{
  "model": "ann_agg.author",
  "pk": 11227,
  "fields": {
    "name": "Beaver, J",
    "age": 80
  }
},
{
  "model": "ann_agg.author",
  "pk": 11228,
  "fields": {
    "name": "Matson, W R",
    "age": 62
  }
},
{
  "model": "ann_agg.author",
  "pk": 11229,
  "fields": {
    "name": "Park, S",
    "age": 47
  }
},
{
  "model": "ann_agg.author",
  "pk": 11230,
  "fields": {
    "name": "Scott, B",
    "age": 67
  }
},
{
  "model": "ann_agg.author",
  "pk": 11231,
  "fields": {
    "name": "Finkelstein, D R",
    "age": 69
  }
},
{
  "model": "ann_agg.author",
  "pk": 11232,
  "fields": {
    "name": "Mak, S T",
    "age": 80
  }
},
{
  "model": "ann_agg.author",
  "pk": 11233,
  "fields": {
    "name": "Mierke, C T",
    "age": 43
  }
},
{
  "model": "ann_agg.author",
  "pk": 11234,
  "fields": {
    "name": "Lamb, D J J",
    "age": 33
  }
},
{
  "model": "ann_agg.author",
  "pk": 11235,
  "fields": {
    "name": "Sperrin, M",
    "age": 75
  }
},
{
  "model": "ann_agg.author",
  "pk": 11236,
  "fields": {
    "name": "Barua, A",
    "age": 83
  }
},
{
  "model": "ann_agg.author",
  "pk": 11237,
  "fields": {
    "name": "Calle, C I",
    "age": 30
  }
},
{
  "model": "ann_agg.author",
  "pk": 11238,
  "fields": {
    "name": "Ryabov, V A",
    "age": 53
  }
},
{
  "model": "ann_agg.author",
  "pk": 11239,
  "fields": {
    "name": "Schiff, J L",
    "age": 32
  }
},
{
  "model": "ann_agg.author",
  "pk": 11240,
  "fields": {
    "name": "Bhatia, S",
    "age": 46
  }
},
{
  "model": "ann_agg.author",
  "pk": 11241,
  "fields": {
    "name": "Williams, J H",
    "age": 60
  }
},
{
  "model": "ann_agg.author",
  "pk": 11242,
  "fields": {
    "name": "DiLisi, G A",
    "age": 67
  }
},
{
  "model": "ann_agg.author",
  "pk": 11243,
  "fields": {
    "name": "Fortov, V E",
    "age": 60
  }
},
{
  "model": "ann_agg.author",
  "pk": 11244,
  "fields": {
    "name": "Avendaño Cervantes, G",
    "age": 72
  }
},
{
  "model": "ann_agg.author",
  "pk": 11245,
  "fields": {
    "name": "Seigar, M S",
    "age": 33
  }
},
{
  "model": "ann_agg.author",
  "pk": 11246,
  "fields": {
    "name": "Salyk, P C",
    "age": 50
  }
},
{
  "model": "ann_agg.author",
  "pk": 11247,
  "fields": {
    "name": "Dainotti, D M",
    "age": 46
  }
},
{
  "model": "ann_agg.author",
  "pk": 11248,
  "fields": {
    "name": "Waigh, D T",
    "age": 49
  }
},
{
  "model": "ann_agg.author",
  "pk": 11249,
  "fields": {
    "name": "Whittle, K",
    "age": 79
  }
},
{
  "model": "ann_agg.author",
  "pk": 11250,
  "fields": {
    "name": "Nishiyama, J J",
    "age": 79
  }
},
{
  "model": "ann_agg.author",
  "pk": 11251,
  "fields": {
    "name": "Albert, A",
    "age": 44
  }
},
{
  "model": "ann_agg.author",
  "pk": 11252,
  "fields": {
    "name": "Liengme, B V",
    "age": 57
  }
},
{
  "model": "ann_agg.author",
  "pk": 11253,
  "fields": {
    "name": "Whitney, J F",
    "age": 75
  }
},
{
  "model": "ann_agg.author",
  "pk": 11254,
  "fields": {
    "name": "Huinink, H",
    "age": 74
  }
},
{
  "model": "ann_agg.author",
  "pk": 11255,
  "fields": {
    "name": "Wang, P J",
    "age": 66
  }
},
{
  "model": "ann_agg.author",
  "pk": 11256,
  "fields": {
    "name": "Zain, P S B",
    "age": 60
  }
},
{
  "model": "ann_agg.author",
  "pk": 11257,
  "fields": {
    "name": "Temple, T",
    "age": 61
  }
},
{
  "model": "ann_agg.author",
  "pk": 11258,
  "fields": {
    "name": "Rowlands, A",
    "age": 75
  }
},
{
  "model": "ann_agg.author",
  "pk": 11259,
  "fields": {
    "name": "Go, D B",
    "age": 70
  }
},
{
  "model": "ann_agg.author",
  "pk": 11260,
  "fields": {
    "name": "Strickland, M",
    "age": 73
  }
},
{
  "model": "ann_agg.author",
  "pk": 11261,
  "fields": {
    "name": "Karimi, M",
    "age": 46
  }
},
{
  "model": "ann_agg.author",
  "pk": 11262,
  "fields": {
    "name": "Povey, M",
    "age": 50
  }
},
{
  "model": "ann_agg.author",
  "pk": 11263,
  "fields": {
    "name": "Likharev, K K",
    "age": 72
  }
},
{
  "model": "ann_agg.author",
  "pk": 11264,
  "fields": {
    "name": "Vallance, C",
    "age": 30
  }
},
{
  "model": "ann_agg.author",
  "pk": 11265,
  "fields": {
    "name": "Kajita, M",
    "age": 52
  }
},
{
  "model": "ann_agg.author",
  "pk": 11266,
  "fields": {
    "name": "Biswas, P M",
    "age": 76
  }
},
{
  "model": "ann_agg.author",
  "pk": 11267,
  "fields": {
    "name": "Gupta, M",
    "age": 62
  }
},
{
  "model": "ann_agg.author",
  "pk": 11268,
  "fields": {
    "name": "Mazilu, D A",
    "age": 58
  }
},
{
  "model": "ann_agg.author",
  "pk": 11269,
  "fields": {
    "name": "Schödel, P R",
    "age": 52
  }
},
{
  "model": "ann_agg.author",
  "pk": 11270,
  "fields": {
    "name": "Ydri, B",
    "age": 43
  }
},
{
  "model": "ann_agg.author",
  "pk": 11271,
  "fields": {
    "name": "Pereyra, N A",
    "age": 37
  }
},
{
  "model": "ann_agg.author",
  "pk": 11272,
  "fields": {
    "name": "Rao, K S",
    "age": 51
  }
},
{
  "model": "ann_agg.author",
  "pk": 11273,
  "fields": {
    "name": "Pascalutsa, V",
    "age": 37
  }
},
{
  "model": "ann_agg.author",
  "pk": 11274,
  "fields": {
    "name": "Levi, A F J",
    "age": 73
  }
},
{
  "model": "ann_agg.author",
  "pk": 11275,
  "fields": {
    "name": "Singh, P R P",
    "age": 59
  }
},
{
  "model": "ann_agg.author",
  "pk": 11276,
  "fields": {
    "name": "González-Acuña, R G",
    "age": 39
  }
},
{
  "model": "ann_agg.author",
  "pk": 11277,
  "fields": {
    "name": "Goncharova, L V",
    "age": 31
  }
},
{
  "model": "ann_agg.author",
  "pk": 11278,
  "fields": {
    "name": "Baker, B",
    "age": 82
  }
},
{
  "model": "ann_agg.author",
  "pk": 11279,
  "fields": {
    "name": "Ivanova, N",
    "age": 77
  }
},
{
  "model": "ann_agg.author",
  "pk": 11280,
  "fields": {
    "name": "Faulkner, J S",
    "age": 44
  }
},
{
  "model": "ann_agg.author",
  "pk": 11281,
  "fields": {
    "name": "Inglesfield, J",
    "age": 46
  }
},
{
  "model": "ann_agg.author",
  "pk": 11282,
  "fields": {
    "name": "Ren, F",
    "age": 35
  }
},
{
  "model": "ann_agg.author",
  "pk": 11283,
  "fields": {
    "name": "Moffat, J",
    "age": 48
  }
},
{
  "model": "ann_agg.author",
  "pk": 11284,
  "fields": {
    "name": "Connolly, J W",
    "age": 79
  }
},
{
  "model": "ann_agg.author",
  "pk": 11285,
  "fields": {
    "name": "Lique, D F o",
    "age": 79
  }
},
{
  "model": "ann_agg.author",
  "pk": 11286,
  "fields": {
    "name": "Levin, M",
    "age": 47
  }
},
{
  "model": "ann_agg.author",
  "pk": 11287,
  "fields": {
    "name": "Banfi, A",
    "age": 38
  }
},
{
  "model": "ann_agg.author",
  "pk": 11288,
  "fields": {
    "name": "Tyson, R K",
    "age": 48
  }
},
{
  "model": "ann_agg.author",
  "pk": 11289,
  "fields": {
    "name": "Schwalm, W A",
    "age": 76
  }
},
{
  "model": "ann_agg.author",
  "pk": 11290,
  "fields": {
    "name": "White, G",
    "age": 63
  }
},
{
  "model": "ann_agg.author",
  "pk": 11291,
  "fields": {
    "name": "Evans, N",
    "age": 53
  }
},
{
  "model": "ann_agg.author",
  "pk": 11292,
  "fields": {
    "name": "Done, R",
    "age": 67
  }
},
{
  "model": "ann_agg.author",
  "pk": 11293,
  "fields": {
    "name": "Bohara, R",
    "age": 56
  }
},
{
  "model": "ann_agg.author",
  "pk": 11294,
  "fields": {
    "name": "Mukherjee, S",
    "age": 75
  }
},
{
  "model": "ann_agg.author",
  "pk": 11295,
  "fields": {
    "name": "Paetz gen. Schieck, H",
    "age": 56
  }
},
{
  "model": "ann_agg.author",
  "pk": 11296,
  "fields": {
    "name": "Riley, P D",
    "age": 43
  }
},
{
  "model": "ann_agg.author",
  "pk": 11297,
  "fields": {
    "name": "de Grijs, P R",
    "age": 44
  }
},
{
  "model": "ann_agg.author",
  "pk": 11298,
  "fields": {
    "name": "Chakraverty, S",
    "age": 54
  }
},
{
  "model": "ann_agg.author",
  "pk": 11299,
  "fields": {
    "name": "Ramm, A G",
    "age": 78
  }
},
{
  "model": "ann_agg.author",
  "pk": 11300,
  "fields": {
    "name": "Conselice, C J",
    "age": 85
  }
},
{
  "model": "ann_agg.author",
  "pk": 11301,
  "fields": {
    "name": "Colonna, G",
    "age": 45
  }
},
{
  "model": "ann_agg.author",
  "pk": 11302,
  "fields": {
    "name": "Sarkar, S K",
    "age": 36
  }
},
{
  "model": "ann_agg.author",
  "pk": 11303,
  "fields": {
    "name": "Nguyen, D T",
    "age": 51
  }
},
{
  "model": "ann_agg.author",
  "pk": 11304,
  "fields": {
    "name": "Westerveld, M W J",
    "age": 40
  }
},
{
  "model": "ann_agg.author",
  "pk": 11305,
  "fields": {
    "name": "Walter, A",
    "age": 43
  }
},
{
  "model": "ann_agg.author",
  "pk": 11306,
  "fields": {
    "name": "Glaeser, R M",
    "age": 48
  }
},
{
  "model": "ann_agg.author",
  "pk": 11307,
  "fields": {
    "name": "Baker, M J",
    "age": 67
  }
},
{
  "model": "ann_agg.author",
  "pk": 11308,
  "fields": {
    "name": "Kane, G",
    "age": 47
  }
},
{
  "model": "ann_agg.author",
  "pk": 11309,
  "fields": {
    "name": "Grady, D",
    "age": 63
  }
},
{
  "model": "ann_agg.author",
  "pk": 11310,
  "fields": {
    "name": "Barman Roy, S",
    "age": 46
  }
},
{
  "model": "ann_agg.author",
  "pk": 11311,
  "fields": {
    "name": "Ramshaw, P J A M",
    "age": 40
  }
},
{
  "model": "ann_agg.author",
  "pk": 11312,
  "fields": {
    "name": "Vasu, P R M",
    "age": 61
  }
},
{
  "model": "ann_agg.author",
  "pk": 11313,
  "fields": {
    "name": "Allain, R",
    "age": 40
  }
},
{
  "model": "ann_agg.author",
  "pk": 11314,
  "fields": {
    "name": "Berthod, D C",
    "age": 61
  }
},
{
  "model": "ann_agg.author",
  "pk": 11315,
  "fields": {
    "name": "Ironside, C",
    "age": 81
  }
},
{
  "model": "ann_agg.author",
  "pk": 11316,
  "fields": {
    "name": "Xiao, C",
    "age": 38
  }
},
{
  "model": "ann_agg.author",
  "pk": 11317,
  "fields": {
    "name": "Singh, A",
    "age": 68
  }
},
{
  "model": "ann_agg.author",
  "pk": 11318,
  "fields": {
    "name": "Dodson-Robinson, P S",
    "age": 61
  }
},
{
  "model": "ann_agg.author",
  "pk": 11319,
  "fields": {
    "name": "Ferreira, R",
    "age": 64
  }
},
{
  "model": "ann_agg.author",
  "pk": 11320,
  "fields": {
    "name": "Golob, B",
    "age": 52
  }
},
{
  "model": "ann_agg.author",
  "pk": 11321,
  "fields": {
    "name": "Devine, S D",
    "age": 79
  }
},
{
  "model": "ann_agg.author",
  "pk": 11322,
  "fields": {
    "name": "Murshid, S H",
    "age": 75
  }
},
{
  "model": "ann_agg.author",
  "pk": 11323,
  "fields": {
    "name": "Pires, A S T",
    "age": 81
  }
},
{
  "model": "ann_agg.author",
  "pk": 11324,
  "fields": {
    "name": "Dilworth, D",
    "age": 85
  }
},
{
  "model": "ann_agg.author",
  "pk": 11325,
  "fields": {
    "name": "Greenslade Jr., T B",
    "age": 59
  }
},
{
  "model": "ann_agg.author",
  "pk": 11326,
  "fields": {
    "name": "Sinha, D",
    "age": 36
  }
},
{
  "model": "ann_agg.author",
  "pk": 11327,
  "fields": {
    "name": "Saunderson, J R",
    "age": 60
  }
},
{
  "model": "ann_agg.author",
  "pk": 11328,
  "fields": {
    "name": "Lin, P T",
    "age": 61
  }
},
{
  "model": "ann_agg.author",
  "pk": 11329,
  "fields": {
    "name": "Shukla, A K",
    "age": 64
  }
},
{
  "model": "ann_agg.publisher",
  "pk": 286,
  "fields": {
    "name": "Research & Reference text Publisher"
  }
},
{
  "model": "ann_agg.publisher",
  "pk": 287,
  "fields": {
    "name": "Broad Interest Publisher"
  }
},
{
  "model": "ann_agg.publisher",
  "pk": 288,
  "fields": {
    "name": "Course Text Publisher"
  }
},
{
  "model": "ann_agg.book",
  "pk": 1835,
  "fields": {
    "name": "Supersymmetric Methods in Quantum, Statistical and Solid State Physics — Enlarged and Revised Edition",
    "pages": 394,
    "price": "22.60",
    "rating": 6.0,
    "publisher": 286,
    "pubdate": "2019-01-01",
    "authors": [
      11214
    ]
  }
},
{
  "model": "ann_agg.book",
  "pk": 1836,
  "fields": {
    "name": "Skin Photoaging",
    "pages": 505,
    "price": "100.75",
    "rating": 4.0,
    "publisher": 286,
    "pubdate": "2014-04-01",
    "authors": [
      11215
    ]
  }
},
{
  "model": "ann_agg.book",
  "pk": 1837,
  "fields": {
    "name": "Airborne Maritime Surveillance Radar, Volume 2 — Post-war British ASV radars 1946–2000",
    "pages": 115,
    "price": "81.00",
    "rating": 3.7,
    "publisher": 287,
    "pubdate": "2018-08-01",
    "authors": [
      11216
    ]
  }
},
{
  "model": "ann_agg.book",
  "pk": 1838,
  "fields": {
    "name": "Principles of Protein–Protein Association",
    "pages": 106,
    "price": "107.75",
    "rating": 3.2,
    "publisher": 288,
    "pubdate": "2019-06-01",
    "authors": [
      11217
    ]
  }
},
{
  "model": "ann_agg.book",
  "pk": 1839,
  "fields": {
    "name": "Entrepreneurship for Creative Scientists",
    "pages": 647,
    "price": "120.20",
    "rating": 3.2,
    "publisher": 287,
    "pubdate": "2018-05-01",
    "authors": [
      11218
    ]
  }
},
{
  "model": "ann_agg.book",
  "pk": 1840,
  "fields": {
    "name": "Semiconductors (Second Edition) — Bonds and bands",
    "pages": 280,
    "price": "68.43",
    "rating": 7.5,
    "publisher": 288,
    "pubdate": "2019-11-01",
    "authors": [
      11219
    ]
  }
},
{
  "model": "ann_agg.book",
  "pk": 1841,
  "fields": {
    "name": "Differential Topology and Geometry with Applications to Physics",
    "pages": 636,
    "price": "21.20",
    "rating": 6.3,
    "publisher": 288,
    "pubdate": "2018-12-01",
    "authors": [
      11220
    ]
  }
},
{
  "model": "ann_agg.book",
  "pk": 1842,
  "fields": {
    "name": "Modeling and Analysis of Eclipsing Binary Stars — The theory and design principles of PHOEBE",
    "pages": 168,
    "price": "149.67",
    "rating": 8.0,
    "publisher": 286,
    "pubdate": "2018-12-01",
    "authors": [
      11221
    ]
  }
},
{
  "model": "ann_agg.book",
  "pk": 1843,
  "fields": {
    "name": "Cold Plasma Cancer Therapy",
    "pages": 420,
    "price": "54.00",
    "rating": 5.0,
    "publisher": 286,
    "pubdate": "2019-03-01",
    "authors": [
      11222
    ]
  }
},
{
  "model": "ann_agg.book",
  "pk": 1844,
  "fields": {
    "name": "Semiconductors — Bonds and bands",
    "pages": 199,
    "price": "82.00",
    "rating": 10.0,
    "publisher": 288,
    "pubdate": "2013-09-01",
    "authors": [
      11219
    ]
  }
},
{
  "model": "ann_agg.book",
  "pk": 1845,
  "fields": {
    "name": "Neutron Stars, Black Holes and Gravitational Waves",
    "pages": 426,
    "price": "58.14",
    "rating": 2.0,
    "publisher": 286,
    "pubdate": "2019-04-01",
    "authors": [
      11223
    ]
  }
},
{
  "model": "ann_agg.book",
  "pk": 1846,
  "fields": {
    "name": "Extreme-Temperature and Harsh-Environment Electronics — Physics, technology and applications",
    "pages": 120,
    "price": "30.25",
    "rating": 3.0,
    "publisher": 286,
    "pubdate": "2017-03-01",
    "authors": [
      11224
    ]
  }
},
{
  "model": "ann_agg.book",
  "pk": 1847,
  "fields": {
    "name": "Time-Domain Studies of the Andromeda Galaxy",
    "pages": 194,
    "price": "113.00",
    "rating": 3.4,
    "publisher": 286,
    "pubdate": "2019-09-01",
    "authors": [
      11225
    ]
  }
},
{
  "model": "ann_agg.book",
  "pk": 1848,
  "fields": {
    "name": "Sterile Neutrino Dark Matter",
    "pages": 453,
    "price": "36.12",
    "rating": 4.3,
    "publisher": 286,
    "pubdate": "2017-03-01",
    "authors": [
      11226
    ]
  }
},
{
  "model": "ann_agg.book",
  "pk": 1849,
  "fields": {
    "name": "The Physics and Art of Photography, Volume 3 — Detectors and the meaning of digital",
    "pages": 282,
    "price": "76.62",
    "rating": 4.2,
    "publisher": 287,
    "pubdate": "2018-12-01",
    "authors": [
      11227
    ]
  }
},
{
  "model": "ann_agg.book",
  "pk": 1850,
  "fields": {
    "name": "Earthquakes — The sound of multi-modal waves",
    "pages": 263,
    "price": "205.50",
    "rating": 1.8,
    "publisher": 286,
    "pubdate": "2016-06-01",
    "authors": [
      11228
    ]
  }
},
{
  "model": "ann_agg.book",
  "pk": 1851,
  "fields": {
    "name": "Mechanics of Biological Systems — Introduction to mechanobiology and experimental techniques",
    "pages": 521,
    "price": "27.12",
    "rating": 3.2,
    "publisher": 286,
    "pubdate": "2019-11-01",
    "authors": [
      11229
    ]
  }
},
{
  "model": "ann_agg.book",
  "pk": 1852,
  "fields": {
    "name": "Turbulence and Instabilities in Magnetised Plasmas, Volume 1 — Fluid drift turbulence",
    "pages": 696,
    "price": "37.50",
    "rating": 4.3,
    "publisher": 286,
    "pubdate": "2019-03-02",
    "authors": [
      11230
    ]
  }
},
{
  "model": "ann_agg.book",
  "pk": 1853,
  "fields": {
    "name": "The Melencolia Manifesto",
    "pages": 478,
    "price": "68.60",
    "rating": 8.0,
    "publisher": 287,
    "pubdate": "2016-12-01",
    "authors": [
      11231
    ]
  }
},
{
  "model": "ann_agg.book",
  "pk": 1854,
  "fields": {
    "name": "The Wigner Function in Science and Technology",
    "pages": 191,
    "price": "281.00",
    "rating": 2.2,
    "publisher": 286,
    "pubdate": "2018-11-01",
    "authors": [
      11219
    ]
  }
},
{
  "model": "ann_agg.book",
  "pk": 1855,
  "fields": {
    "name": "New Technologies for Smart Grid Operation",
    "pages": 108,
    "price": "17.57",
    "rating": 5.0,
    "publisher": 286,
    "pubdate": "2015-02-01",
    "authors": [
      11232
    ]
  }
},
{
  "model": "ann_agg.book",
  "pk": 1856,
  "fields": {
    "name": "Physics of Cancer: Second edition, volume 1 — Interplay between tumor biology, inflammation and cell mechanics",
    "pages": 493,
    "price": "133.33",
    "rating": 4.0,
    "publisher": 286,
    "pubdate": "2018-10-01",
    "authors": [
      11233
    ]
  }
},
{
  "model": "ann_agg.book",
  "pk": 1857,
  "fields": {
    "name": "Energy-Smart Buildings — Design, construction and monitoring of buildings for improved energy efficiency",
    "pages": 168,
    "price": "103.00",
    "rating": 5.0,
    "publisher": 286,
    "pubdate": "2020-04-01",
    "authors": [
      11234
    ]
  }
},
{
  "model": "ann_agg.book",
  "pk": 1858,
  "fields": {
    "name": "Scientific Basis of the Royal College of Radiologists Fellowship (2nd Edition) — Illustrated questions and answers",
    "pages": 289,
    "price": "26.75",
    "rating": 7.5,
    "publisher": 288,
    "pubdate": "2019-11-01",
    "authors": [
      11235
    ]
  }
},
{
  "model": "ann_agg.book",
  "pk": 1859,
  "fields": {
    "name": "Pipelined Analog to Digital Converter and Fault Diagnosis",
    "pages": 449,
    "price": "23.00",
    "rating": 5.5,
    "publisher": 286,
    "pubdate": "2020-03-01",
    "authors": [
      11236
    ]
  }
},
{
  "model": "ann_agg.book",
  "pk": 1860,
  "fields": {
    "name": "Electrostatic Phenomena on Planetary Surfaces",
    "pages": 227,
    "price": "99.00",
    "rating": 7.5,
    "publisher": 286,
    "pubdate": "2017-02-01",
    "authors": [
      11237
    ]
  }
},
{
  "model": "ann_agg.book",
  "pk": 1861,
  "fields": {
    "name": "Principles of Statistical Physics and Numerical Modeling",
    "pages": 573,
    "price": "97.33",
    "rating": 2.8,
    "publisher": 286,
    "pubdate": "2018-08-01",
    "authors": [
      11238
    ]
  }
},
{
  "model": "ann_agg.book",
  "pk": 1862,
  "fields": {
    "name": "The Most Interesting Galaxies in the Universe",
    "pages": 328,
    "price": "23.80",
    "rating": 3.0,
    "publisher": 287,
    "pubdate": "2018-09-01",
    "authors": [
      11239
    ]
  }
},
{
  "model": "ann_agg.book",
  "pk": 1863,
  "fields": {
    "name": "Introduction to Pharmaceutical Biotechnology, Volume 3 — Animal tissue culture and biopharmaceuticals",
    "pages": 385,
    "price": "99.29",
    "rating": 8.0,
    "publisher": 288,
    "pubdate": "2019-03-01",
    "authors": [
      11240
    ]
  }
},
{
  "model": "ann_agg.book",
  "pk": 1864,
  "fields": {
    "name": "Dimensional Analysis — The principle of similitude",
    "pages": 157,
    "price": "93.71",
    "rating": 1.8,
    "publisher": 286,
    "pubdate": "2019-10-02",
    "authors": [
      11241
    ]
  }
},
{
  "model": "ann_agg.book",
  "pk": 1865,
  "fields": {
    "name": "An Introduction to Liquid Crystals",
    "pages": 574,
    "price": "41.12",
    "rating": 3.8,
    "publisher": 288,
    "pubdate": "2019-09-01",
    "authors": [
      11242
    ]
  }
},
{
  "model": "ann_agg.book",
  "pk": 1866,
  "fields": {
    "name": "Lectures on the Physics of Extreme States of Matter",
    "pages": 333,
    "price": "139.50",
    "rating": 4.2,
    "publisher": 288,
    "pubdate": "2019-08-01",
    "authors": [
      11243
    ]
  }
},
{
  "model": "ann_agg.book",
  "pk": 1867,
  "fields": {
    "name": "Technical Fundamentals of Radiology and CT",
    "pages": 339,
    "price": "86.67",
    "rating": 2.8,
    "publisher": 286,
    "pubdate": "2016-05-01",
    "authors": [
      11244
    ]
  }
},
{
  "model": "ann_agg.book",
  "pk": 1868,
  "fields": {
    "name": "Dark Matter in the Universe",
    "pages": 487,
    "price": "67.75",
    "rating": 4.2,
    "publisher": 286,
    "pubdate": "2015-10-01",
    "authors": [
      11245
    ]
  }
},
{
  "model": "ann_agg.book",
  "pk": 1869,
  "fields": {
    "name": "Introductory Notes on Planetary Science — The solar system, exoplanets and planet formation",
    "pages": 585,
    "price": "156.00",
    "rating": 5.5,
    "publisher": 288,
    "pubdate": "2020-12-01",
    "authors": [
      11246
    ]
  }
},
{
  "model": "ann_agg.book",
  "pk": 1870,
  "fields": {
    "name": "Gamma-ray Burst Correlations — Current status and open questions",
    "pages": 416,
    "price": "73.20",
    "rating": 6.0,
    "publisher": 286,
    "pubdate": "2019-08-01",
    "authors": [
      11247
    ]
  }
},
{
  "model": "ann_agg.book",
  "pk": 1871,
  "fields": {
    "name": "Some Critical Questions in Biological Physics — A guided tour around the bugbears",
    "pages": 500,
    "price": "59.00",
    "rating": 3.4,
    "publisher": 286,
    "pubdate": "2017-09-01",
    "authors": [
      11248
    ]
  }
},
{
  "model": "ann_agg.book",
  "pk": 1872,
  "fields": {
    "name": "Nuclear Materials Science (Second Edition)",
    "pages": 389,
    "price": "87.50",
    "rating": 2.6,
    "publisher": 288,
    "pubdate": "2020-11-01",
    "authors": [
      11249
    ]
  }
},
{
  "model": "ann_agg.book",
  "pk": 1873,
  "fields": {
    "name": "An Introduction to Planetary Nebulae",
    "pages": 109,
    "price": "39.00",
    "rating": 10.0,
    "publisher": 288,
    "pubdate": "2018-05-01",
    "authors": [
      11250
    ]
  }
},
{
  "model": "ann_agg.book",
  "pk": 1874,
  "fields": {
    "name": "Searching for Dark Matter with Cosmic Gamma Rays",
    "pages": 471,
    "price": "56.62",
    "rating": 5.5,
    "publisher": 286,
    "pubdate": "2016-09-01",
    "authors": [
      11251
    ]
  }
},
{
  "model": "ann_agg.book",
  "pk": 1875,
  "fields": {
    "name": "Excel® VBA for Physicists — A Primer",
    "pages": 418,
    "price": "109.40",
    "rating": 7.0,
    "publisher": 288,
    "pubdate": "2016-12-01",
    "authors": [
      11252
    ]
  }
},
{
  "model": "ann_agg.book",
  "pk": 1876,
  "fields": {
    "name": "A Handbook of Mathematical Methods and Problem-Solving Tools for Introductory Physics",
    "pages": 636,
    "price": "62.40",
    "rating": 2.0,
    "publisher": 288,
    "pubdate": "2016-11-01",
    "authors": [
      11253
    ]
  }
},
{
  "model": "ann_agg.book",
  "pk": 1877,
  "fields": {
    "name": "Fluids in Porous Media — Transport and phase changes",
    "pages": 487,
    "price": "168.33",
    "rating": 2.8,
    "publisher": 286,
    "pubdate": "2016-09-01",
    "authors": [
      11254
    ]
  }
},
{
  "model": "ann_agg.book",
  "pk": 1878,
  "fields": {
    "name": "Non-Instantaneous Impulsive Differential Equations — Basic theory and computation",
    "pages": 659,
    "price": "93.00",
    "rating": 10.0,
    "publisher": 286,
    "pubdate": "2018-11-01",
    "authors": [
      11255
    ]
  }
},
{
  "model": "ann_agg.book",
  "pk": 1879,
  "fields": {
    "name": "Techniques of Classical Mechanics — From Lagrangian to Newtonian mechanics",
    "pages": 180,
    "price": "86.40",
    "rating": 5.5,
    "publisher": 288,
    "pubdate": "2019-01-01",
    "authors": [
      11256
    ]
  }
},
{
  "model": "ann_agg.book",
  "pk": 1880,
  "fields": {
    "name": "Transport in Semiconductor Mesoscopic Devices",
    "pages": 467,
    "price": "50.43",
    "rating": 4.3,
    "publisher": 286,
    "pubdate": "2015-08-01",
    "authors": [
      11219
    ]
  }
},
{
  "model": "ann_agg.book",
  "pk": 1881,
  "fields": {
    "name": "Global Approaches to Environmental Management on Military Training Ranges",
    "pages": 618,
    "price": "111.20",
    "rating": 6.7,
    "publisher": 286,
    "pubdate": "2019-12-01",
    "authors": [
      11257
    ]
  }
},
{
  "model": "ann_agg.book",
  "pk": 1882,
  "fields": {
    "name": "Physics of Digital Photography",
    "pages": 396,
    "price": "126.25",
    "rating": 6.3,
    "publisher": 286,
    "pubdate": "2017-04-01",
    "authors": [
      11258
    ]
  }
},
{
  "model": "ann_agg.book",
  "pk": 1883,
  "fields": {
    "name": "Ionization and Ion Transport — A primer for the study of non-equilibrium, low-temperature gas discharges and plasmas",
    "pages": 119,
    "price": "58.00",
    "rating": 2.8,
    "publisher": 286,
    "pubdate": "2018-04-01",
    "authors": [
      11259
    ]
  }
},
{
  "model": "ann_agg.book",
  "pk": 1884,
  "fields": {
    "name": "Relativistic Quantum Field Theory, Volume 2 — Path integral formalism",
    "pages": 619,
    "price": "140.33",
    "rating": 6.7,
    "publisher": 288,
    "pubdate": "2019-11-01",
    "authors": [
      11260
    ]
  }
},
{
  "model": "ann_agg.book",
  "pk": 1885,
  "fields": {
    "name": "Smart External Stimulus-Responsive Nanocarriers for Drug and Gene Delivery, Second edition",
    "pages": 510,
    "price": "73.88",
    "rating": 2.4,
    "publisher": 286,
    "pubdate": "2019-08-02",
    "authors": [
      11261
    ]
  }
},
{
  "model": "ann_agg.book",
  "pk": 1886,
  "fields": {
    "name": "Physics in Food Manufacturing — Case studies in fundamental and applied research",
    "pages": 326,
    "price": "131.00",
    "rating": 2.0,
    "publisher": 286,
    "pubdate": "2020-06-01",
    "authors": [
      11262
    ]
  }
},
{
  "model": "ann_agg.book",
  "pk": 1887,
  "fields": {
    "name": "Classical Electrodynamics: Lecture Notes, Volume 3 — Lecture notes",
    "pages": 688,
    "price": "115.00",
    "rating": 3.2,
    "publisher": 288,
    "pubdate": "2019-06-01",
    "authors": [
      11263
    ]
  }
},
{
  "model": "ann_agg.book",
  "pk": 1888,
  "fields": {
    "name": "An Introduction to the Gas Phase",
    "pages": 674,
    "price": "89.20",
    "rating": 2.4,
    "publisher": 288,
    "pubdate": "2017-11-01",
    "authors": [
      11264
    ]
  }
},
{
  "model": "ann_agg.book",
  "pk": 1889,
  "fields": {
    "name": "Cold Atoms and Molecules",
    "pages": 347,
    "price": "102.20",
    "rating": 7.5,
    "publisher": 286,
    "pubdate": "2020-06-01",
    "authors": [
      11265
    ]
  }
},
{
  "model": "ann_agg.book",
  "pk": 1890,
  "fields": {
    "name": "Classical Mechanics, Volume 3 — Newton’s laws and uniform circular motion",
    "pages": 201,
    "price": "101.20",
    "rating": 5.7,
    "publisher": 288,
    "pubdate": "2019-07-01",
    "authors": [
      11242
    ]
  }
},
{
  "model": "ann_agg.book",
  "pk": 1891,
  "fields": {
    "name": "Airborne Maritime Surveillance Radar, Volume 1 — British ASV radars in WWII 1939–1945",
    "pages": 151,
    "price": "43.29",
    "rating": 3.6,
    "publisher": 287,
    "pubdate": "2018-08-01",
    "authors": [
      11216
    ]
  }
},
{
  "model": "ann_agg.book",
  "pk": 1892,
  "fields": {
    "name": "Multimodality Imaging of the Heart, Lungs and Peripheral Organs — Deep learning applications",
    "pages": 131,
    "price": "71.50",
    "rating": 9.0,
    "publisher": 286,
    "pubdate": "2020-03-01",
    "authors": [
      11266
    ]
  }
},
{
  "model": "ann_agg.book",
  "pk": 1893,
  "fields": {
    "name": "Magnesium-Based Nanocomposites — Advances and applications",
    "pages": 290,
    "price": "234.50",
    "rating": 9.0,
    "publisher": 286,
    "pubdate": "2020-11-01",
    "authors": [
      11267
    ]
  }
},
{
  "model": "ann_agg.book",
  "pk": 1894,
  "fields": {
    "name": "From Complex to Simple — Interdisciplinary stochastic models",
    "pages": 678,
    "price": "121.25",
    "rating": 5.7,
    "publisher": 286,
    "pubdate": "2018-08-01",
    "authors": [
      11268
    ]
  }
},
{
  "model": "ann_agg.book",
  "pk": 1895,
  "fields": {
    "name": "Modern Interferometry for Length Metrology — Exploring limits and novel techniques",
    "pages": 282,
    "price": "31.00",
    "rating": 1.6,
    "publisher": 286,
    "pubdate": "2018-12-01",
    "authors": [
      11269
    ]
  }
},
{
  "model": "ann_agg.book",
  "pk": 1896,
  "fields": {
    "name": "A Modern Course in Quantum Field Theory, Volume 2 — Advanced topics",
    "pages": 129,
    "price": "66.38",
    "rating": 3.0,
    "publisher": 288,
    "pubdate": "2019-05-01",
    "authors": [
      11270
    ]
  }
},
{
  "model": "ann_agg.book",
  "pk": 1897,
  "fields": {
    "name": "Set Theory for Physicists",
    "pages": 128,
    "price": "210.67",
    "rating": 3.0,
    "publisher": 286,
    "pubdate": "2019-05-01",
    "authors": [
      11271
    ]
  }
},
{
  "model": "ann_agg.book",
  "pk": 1898,
  "fields": {
    "name": "Generalized Hypergeometric Functions — Transformations and group theoretical aspects",
    "pages": 468,
    "price": "107.67",
    "rating": 3.3,
    "publisher": 286,
    "pubdate": "2018-10-01",
    "authors": [
      11272
    ]
  }
},
{
  "model": "ann_agg.book",
  "pk": 1899,
  "fields": {
    "name": "Causality Rules — A light treatise on dispersion relations and sum rules",
    "pages": 256,
    "price": "169.75",
    "rating": 3.2,
    "publisher": 286,
    "pubdate": "2018-07-01",
    "authors": [
      11273
    ]
  }
},
{
  "model": "ann_agg.book",
  "pk": 1900,
  "fields": {
    "name": "Essential Semiconductor Laser Device Physics",
    "pages": 280,
    "price": "54.33",
    "rating": 3.8,
    "publisher": 288,
    "pubdate": "2018-07-01",
    "authors": [
      11274
    ]
  }
},
{
  "model": "ann_agg.book",
  "pk": 1901,
  "fields": {
    "name": "Bionanomaterials — Fundamentals and biomedical applications",
    "pages": 207,
    "price": "156.75",
    "rating": 3.5,
    "publisher": 286,
    "pubdate": "2019-07-02",
    "authors": [
      11275
    ]
  }
},
{
  "model": "ann_agg.book",
  "pk": 1902,
  "fields": {
    "name": "Stigmatic Optics",
    "pages": 351,
    "price": "19.83",
    "rating": 3.6,
    "publisher": 286,
    "pubdate": "2020-09-01",
    "authors": [
      11276
    ]
  }
},
{
  "model": "ann_agg.book",
  "pk": 1903,
  "fields": {
    "name": "Basic Surfaces and their Analysis",
    "pages": 153,
    "price": "18.75",
    "rating": 3.6,
    "publisher": 286,
    "pubdate": "2018-06-01",
    "authors": [
      11277
    ]
  }
},
{
  "model": "ann_agg.book",
  "pk": 1904,
  "fields": {
    "name": "Science in the Arena — Explanations and analyses of performances and phenomena in sport",
    "pages": 483,
    "price": "103.67",
    "rating": 6.7,
    "publisher": 287,
    "pubdate": "2019-01-01",
    "authors": [
      11278
    ]
  }
},
{
  "model": "ann_agg.book",
  "pk": 1905,
  "fields": {
    "name": "Common Envelope Evolution",
    "pages": 217,
    "price": "227.00",
    "rating": 7.5,
    "publisher": 286,
    "pubdate": "2020-12-01",
    "authors": [
      11279
    ]
  }
},
{
  "model": "ann_agg.book",
  "pk": 1906,
  "fields": {
    "name": "Multiple Scattering Theory — Electronic structure of solids",
    "pages": 101,
    "price": "27.00",
    "rating": 9.0,
    "publisher": 286,
    "pubdate": "2018-12-01",
    "authors": [
      11280
    ]
  }
},
{
  "model": "ann_agg.book",
  "pk": 1907,
  "fields": {
    "name": "The Embedding Method for Electronic Structure",
    "pages": 415,
    "price": "63.33",
    "rating": 3.0,
    "publisher": 286,
    "pubdate": "2015-12-01",
    "authors": [
      11281
    ]
  }
},
{
  "model": "ann_agg.book",
  "pk": 1908,
  "fields": {
    "name": "Crystal Engineering — How molecules build solids",
    "pages": 489,
    "price": "116.33",
    "rating": 2.5,
    "publisher": 287,
    "pubdate": "2017-09-01",
    "authors": [
      11241
    ]
  }
},
{
  "model": "ann_agg.book",
  "pk": 1909,
  "fields": {
    "name": "Wide Bandgap Semiconductor-Based Electronics",
    "pages": 543,
    "price": "24.75",
    "rating": 4.0,
    "publisher": 286,
    "pubdate": "2020-09-01",
    "authors": [
      11282
    ]
  }
},
{
  "model": "ann_agg.book",
  "pk": 1910,
  "fields": {
    "name": "A Mathematically Coherent Quantum Gravity",
    "pages": 304,
    "price": "343.00",
    "rating": 4.5,
    "publisher": 286,
    "pubdate": "2020-09-01",
    "authors": [
      11283
    ]
  }
},
{
  "model": "ann_agg.book",
  "pk": 1911,
  "fields": {
    "name": "Understanding the Magic of the Bicycle — Basic scientific explanations to the two-wheeler's mysterious and fascinating behavior",
    "pages": 262,
    "price": "106.00",
    "rating": 9.5,
    "publisher": 287,
    "pubdate": "2017-01-01",
    "authors": [
      11284
    ]
  }
},
{
  "model": "ann_agg.book",
  "pk": 1912,
  "fields": {
    "name": "Gas-Phase Chemistry in Space — From elementary particles to complex organic molecules",
    "pages": 308,
    "price": "52.67",
    "rating": 4.0,
    "publisher": 286,
    "pubdate": "2019-02-01",
    "authors": [
      11285
    ]
  }
},
{
  "model": "ann_agg.book",
  "pk": 1913,
  "fields": {
    "name": "Ahead of the Curve, Volume 1 — Hidden breakthroughs in the biosciences",
    "pages": 539,
    "price": "76.75",
    "rating": 2.6,
    "publisher": 286,
    "pubdate": "2016-12-01",
    "authors": [
      11286
    ]
  }
},
{
  "model": "ann_agg.book",
  "pk": 1914,
  "fields": {
    "name": "Hadronic Jets — An introduction",
    "pages": 355,
    "price": "17.67",
    "rating": 5.0,
    "publisher": 286,
    "pubdate": "2016-02-01",
    "authors": [
      11287
    ]
  }
},
{
  "model": "ann_agg.book",
  "pk": 1915,
  "fields": {
    "name": "Principles and Applications of Fourier Optics",
    "pages": 633,
    "price": "153.75",
    "rating": 9.0,
    "publisher": 288,
    "pubdate": "2014-08-01",
    "authors": [
      11288
    ]
  }
},
{
  "model": "ann_agg.book",
  "pk": 1916,
  "fields": {
    "name": "Lectures on Selected Topics in Mathematical Physics — Further applications of Lie theory",
    "pages": 360,
    "price": "58.43",
    "rating": 2.8,
    "publisher": 288,
    "pubdate": "2019-03-01",
    "authors": [
      11289
    ]
  }
},
{
  "model": "ann_agg.book",
  "pk": 1917,
  "fields": {
    "name": "A Modern Course in Quantum Field Theory, Volume 1 — Fundamentals",
    "pages": 130,
    "price": "72.88",
    "rating": 4.0,
    "publisher": 288,
    "pubdate": "2019-05-01",
    "authors": [
      11270
    ]
  }
},
{
  "model": "ann_agg.book",
  "pk": 1918,
  "fields": {
    "name": "A Pedagogical Introduction to Electroweak Baryogenesis",
    "pages": 271,
    "price": "65.25",
    "rating": 6.7,
    "publisher": 286,
    "pubdate": "2016-12-01",
    "authors": [
      11290
    ]
  }
},
{
  "model": "ann_agg.book",
  "pk": 1919,
  "fields": {
    "name": "Theories of Matter, Space and Time, Volume 2 — Quantum Theories",
    "pages": 127,
    "price": "31.67",
    "rating": 3.6,
    "publisher": 288,
    "pubdate": "2018-06-01",
    "authors": [
      11291
    ]
  }
},
{
  "model": "ann_agg.book",
  "pk": 1920,
  "fields": {
    "name": "The Safe Use of Cryogenic Technologies — A handbook for best practice and training",
    "pages": 200,
    "price": "75.00",
    "rating": 6.7,
    "publisher": 286,
    "pubdate": "2019-05-02",
    "authors": [
      11292
    ]
  }
},
{
  "model": "ann_agg.book",
  "pk": 1921,
  "fields": {
    "name": "Molecular Insights for Drug-Delivery System Design for Multiple Myeloma — A nano/micro approach",
    "pages": 122,
    "price": "40.00",
    "rating": 7.0,
    "publisher": 286,
    "pubdate": "2019-09-02",
    "authors": [
      11293
    ]
  }
},
{
  "model": "ann_agg.book",
  "pk": 1922,
  "fields": {
    "name": "Recent Advances in Innovative Magnetic Nanomaterials for Cancer Theranostics",
    "pages": 169,
    "price": "204.50",
    "rating": 4.5,
    "publisher": 286,
    "pubdate": "2019-10-01",
    "authors": [
      11294
    ]
  }
},
{
  "model": "ann_agg.book",
  "pk": 1923,
  "fields": {
    "name": "Key Nuclear Reaction Experiments — Discoveries and consequences",
    "pages": 211,
    "price": "95.33",
    "rating": 4.0,
    "publisher": 286,
    "pubdate": "2015-10-01",
    "authors": [
      11295
    ]
  }
},
{
  "model": "ann_agg.book",
  "pk": 1924,
  "fields": {
    "name": "Warm Dense Matter — Laboratory generation and diagnosis",
    "pages": 353,
    "price": "54.83",
    "rating": 4.0,
    "publisher": 286,
    "pubdate": "2019-04-02",
    "authors": [
      11296
    ]
  }
},
{
  "model": "ann_agg.book",
  "pk": 1925,
  "fields": {
    "name": "Time and Time Again — Determination of longitude at seain the 17th Century",
    "pages": 376,
    "price": "322.00",
    "rating": 3.5,
    "publisher": 287,
    "pubdate": "2017-11-01",
    "authors": [
      11297
    ]
  }
},
{
  "model": "ann_agg.book",
  "pk": 1926,
  "fields": {
    "name": "Modeling and Computation in Vibration Problems, Volume 2 — Soft computing and uncertainty",
    "pages": 104,
    "price": "54.40",
    "rating": 9.5,
    "publisher": 286,
    "pubdate": "2019-09-02",
    "authors": [
      11298
    ]
  }
},
{
  "model": "ann_agg.book",
  "pk": 1927,
  "fields": {
    "name": "Creating Materials with a Desired Refraction Coefficient (Second Edition)",
    "pages": 394,
    "price": "68.67",
    "rating": 2.8,
    "publisher": 286,
    "pubdate": "2020-07-01",
    "authors": [
      11299
    ]
  }
},
{
  "model": "ann_agg.book",
  "pk": 1928,
  "fields": {
    "name": "Physics of Digital Photography (Second Edition)",
    "pages": 426,
    "price": "291.50",
    "rating": 2.5,
    "publisher": 286,
    "pubdate": "2020-10-01",
    "authors": [
      11258
    ]
  }
},
{
  "model": "ann_agg.book",
  "pk": 1929,
  "fields": {
    "name": "The Cosmic Evolution of Galaxy Structure",
    "pages": 315,
    "price": "51.00",
    "rating": 8.0,
    "publisher": 286,
    "pubdate": "2020-12-01",
    "authors": [
      11300
    ]
  }
},
{
  "model": "ann_agg.book",
  "pk": 1930,
  "fields": {
    "name": "Spiral Structure in Galaxies",
    "pages": 128,
    "price": "31.50",
    "rating": 6.3,
    "publisher": 286,
    "pubdate": "2017-06-01",
    "authors": [
      11245
    ]
  }
},
{
  "model": "ann_agg.book",
  "pk": 1931,
  "fields": {
    "name": "Plasma Modeling — Methods and applications",
    "pages": 542,
    "price": "90.20",
    "rating": 9.0,
    "publisher": 286,
    "pubdate": "2016-12-01",
    "authors": [
      11301
    ]
  }
},
{
  "model": "ann_agg.book",
  "pk": 1932,
  "fields": {
    "name": "Physics of Cancer, Volume 3 (Second Edition) — Experimental biophysical techniques in cancer research",
    "pages": 574,
    "price": "52.33",
    "rating": 3.5,
    "publisher": 286,
    "pubdate": "2019-07-02",
    "authors": [
      11233
    ]
  }
},
{
  "model": "ann_agg.book",
  "pk": 1933,
  "fields": {
    "name": "Single Molecule Biophysics and Poisson Process Approach to Statistical Mechanics",
    "pages": 668,
    "price": "99.67",
    "rating": 5.7,
    "publisher": 286,
    "pubdate": "2016-04-01",
    "authors": [
      11302
    ]
  }
},
{
  "model": "ann_agg.book",
  "pk": 1934,
  "fields": {
    "name": "Modelling and Design Photonics by Examples Using Matlab®",
    "pages": 500,
    "price": "56.50",
    "rating": 2.2,
    "publisher": 286,
    "pubdate": "2019-07-02",
    "authors": [
      11303
    ]
  }
},
{
  "model": "ann_agg.book",
  "pk": 1935,
  "fields": {
    "name": "Silicon Photonics — Electromagnetic theory",
    "pages": 373,
    "price": "40.25",
    "rating": 6.5,
    "publisher": 286,
    "pubdate": "2017-12-01",
    "authors": [
      11304
    ]
  }
},
{
  "model": "ann_agg.book",
  "pk": 1936,
  "fields": {
    "name": "Imaging Modalities for Biological and Preclinical Research: A Compendium, Volume 2 — Preclinical and multimodality imaging",
    "pages": 122,
    "price": "107.25",
    "rating": 1.8,
    "publisher": 286,
    "pubdate": "2019-05-02",
    "authors": [
      11305
    ]
  }
},
{
  "model": "ann_agg.book",
  "pk": 1937,
  "fields": {
    "name": "Single-particle Cryo-EM of Biological Macromolecules",
    "pages": 352,
    "price": "85.14",
    "rating": 3.8,
    "publisher": 286,
    "pubdate": "2019-05-02",
    "authors": [
      11306
    ]
  }
},
{
  "model": "ann_agg.book",
  "pk": 1938,
  "fields": {
    "name": "Biophotonics: Vibrational Spectroscopic Diagnostics",
    "pages": 127,
    "price": "55.50",
    "rating": 1.6,
    "publisher": 286,
    "pubdate": "2016-02-01",
    "authors": [
      11307
    ]
  }
},
{
  "model": "ann_agg.book",
  "pk": 1939,
  "fields": {
    "name": "String Theory and the Real World",
    "pages": 409,
    "price": "116.33",
    "rating": 2.2,
    "publisher": 287,
    "pubdate": "2017-03-01",
    "authors": [
      11308
    ]
  }
},
{
  "model": "ann_agg.book",
  "pk": 1940,
  "fields": {
    "name": "Physics of Shock and Impact, Volume 1 — Fundamentals and dynamic failure",
    "pages": 577,
    "price": "82.38",
    "rating": 2.7,
    "publisher": 286,
    "pubdate": "2017-12-01",
    "authors": [
      11309
    ]
  }
},
{
  "model": "ann_agg.book",
  "pk": 1941,
  "fields": {
    "name": "Relativistic Quantum Field Theory, Volume 3 — Applications of quantum field theory",
    "pages": 504,
    "price": "15.14",
    "rating": 3.0,
    "publisher": 288,
    "pubdate": "2019-11-01",
    "authors": [
      11260
    ]
  }
},
{
  "model": "ann_agg.book",
  "pk": 1942,
  "fields": {
    "name": "Mott Insulators — Physics and applications",
    "pages": 693,
    "price": "51.40",
    "rating": 4.0,
    "publisher": 288,
    "pubdate": "2019-07-01",
    "authors": [
      11310
    ]
  }
},
{
  "model": "ann_agg.book",
  "pk": 1943,
  "fields": {
    "name": "Biophysical and Chemical Properties of Collagen: Biomedical Applications",
    "pages": 586,
    "price": "62.00",
    "rating": 6.0,
    "publisher": 286,
    "pubdate": "2019-11-01",
    "authors": [
      11311
    ]
  }
},
{
  "model": "ann_agg.book",
  "pk": 1944,
  "fields": {
    "name": "Ultrasound-Mediated Imaging of Soft Materials",
    "pages": 410,
    "price": "54.25",
    "rating": 5.0,
    "publisher": 286,
    "pubdate": "2018-12-01",
    "authors": [
      11312
    ]
  }
},
{
  "model": "ann_agg.book",
  "pk": 1945,
  "fields": {
    "name": "Physics and Video Analysis",
    "pages": 451,
    "price": "58.50",
    "rating": 5.3,
    "publisher": 287,
    "pubdate": "2016-04-01",
    "authors": [
      11313
    ]
  }
},
{
  "model": "ann_agg.book",
  "pk": 1946,
  "fields": {
    "name": "Spectroscopic Probes of Quantum Matter",
    "pages": 559,
    "price": "87.75",
    "rating": 4.0,
    "publisher": 286,
    "pubdate": "2018-11-01",
    "authors": [
      11314
    ]
  }
},
{
  "model": "ann_agg.book",
  "pk": 1947,
  "fields": {
    "name": "Resonant Tunneling Diode Photonics — Devices and applications",
    "pages": 553,
    "price": "65.50",
    "rating": 4.0,
    "publisher": 286,
    "pubdate": "2019-11-01",
    "authors": [
      11315
    ]
  }
},
{
  "model": "ann_agg.book",
  "pk": 1948,
  "fields": {
    "name": "Super Optical Biosensors",
    "pages": 559,
    "price": "67.00",
    "rating": 3.4,
    "publisher": 286,
    "pubdate": "2019-05-01",
    "authors": [
      11316
    ]
  }
},
{
  "model": "ann_agg.book",
  "pk": 1949,
  "fields": {
    "name": "Talking Renewables — A renewable energy primer for everyone",
    "pages": 203,
    "price": "85.67",
    "rating": 3.2,
    "publisher": 287,
    "pubdate": "2018-03-01",
    "authors": [
      11317
    ]
  }
},
{
  "model": "ann_agg.book",
  "pk": 1950,
  "fields": {
    "name": "Maple — A primer",
    "pages": 674,
    "price": "143.00",
    "rating": 3.5,
    "publisher": 288,
    "pubdate": "2019-05-01",
    "authors": [
      11252
    ]
  }
},
{
  "model": "ann_agg.book",
  "pk": 1951,
  "fields": {
    "name": "Origins of Giant Planets, Volume 1 — Disks, dust, and planetesimals",
    "pages": 642,
    "price": "209.33",
    "rating": 3.0,
    "publisher": 286,
    "pubdate": "2019-08-02",
    "authors": [
      11318
    ]
  }
},
{
  "model": "ann_agg.book",
  "pk": 1952,
  "fields": {
    "name": "Capture and Relaxation in Self-Assembled Semiconductor Quantum Dots — The dot and its environment",
    "pages": 129,
    "price": "40.00",
    "rating": 1.8,
    "publisher": 286,
    "pubdate": "2016-02-01",
    "authors": [
      11319
    ]
  }
},
{
  "model": "ann_agg.book",
  "pk": 1953,
  "fields": {
    "name": "Flexible Electronics, Volume 3 — Energy devices and applications",
    "pages": 455,
    "price": "192.33",
    "rating": 5.3,
    "publisher": 288,
    "pubdate": "2019-07-01",
    "authors": [
      11224
    ]
  }
},
{
  "model": "ann_agg.book",
  "pk": 1954,
  "fields": {
    "name": "B Factories",
    "pages": 573,
    "price": "232.50",
    "rating": 9.5,
    "publisher": 286,
    "pubdate": "2019-04-01",
    "authors": [
      11320
    ]
  }
},
{
  "model": "ann_agg.book",
  "pk": 1955,
  "fields": {
    "name": "Algorithmic Information Theory for Physicists and Natural Scientists",
    "pages": 536,
    "price": "80.25",
    "rating": 2.6,
    "publisher": 286,
    "pubdate": "2020-06-01",
    "authors": [
      11321
    ]
  }
},
{
  "model": "ann_agg.book",
  "pk": 1956,
  "fields": {
    "name": "Hypersonic Meteoroid Entry Physics",
    "pages": 334,
    "price": "23.17",
    "rating": 5.3,
    "publisher": 286,
    "pubdate": "2019-03-01",
    "authors": [
      11301
    ]
  }
},
{
  "model": "ann_agg.book",
  "pk": 1957,
  "fields": {
    "name": "Optical Fiber Multiplexing and Emerging Techniques — SDM and OAM",
    "pages": 337,
    "price": "79.29",
    "rating": 2.4,
    "publisher": 286,
    "pubdate": "2018-09-01",
    "authors": [
      11322
    ]
  }
},
{
  "model": "ann_agg.book",
  "pk": 1958,
  "fields": {
    "name": "Scientific Basis of the Royal College of Radiologists Fellowship — Illustrated questions and answers",
    "pages": 575,
    "price": "46.33",
    "rating": 7.5,
    "publisher": 288,
    "pubdate": "2014-12-01",
    "authors": [
      11235
    ]
  }
},
{
  "model": "ann_agg.book",
  "pk": 1959,
  "fields": {
    "name": "A Brief Introduction to Topology and Differential Geometry in Condensed Matter Physics",
    "pages": 274,
    "price": "121.60",
    "rating": 4.2,
    "publisher": 286,
    "pubdate": "2019-03-01",
    "authors": [
      11323
    ]
  }
},
{
  "model": "ann_agg.book",
  "pk": 1960,
  "fields": {
    "name": "Lens Design — Automatic and quasi-autonomous computational methods and techniques",
    "pages": 603,
    "price": "15.62",
    "rating": 7.0,
    "publisher": 286,
    "pubdate": "2018-07-01",
    "authors": [
      11324
    ]
  }
},
{
  "model": "ann_agg.book",
  "pk": 1961,
  "fields": {
    "name": "Adventures with Lissajous Figures",
    "pages": 508,
    "price": "84.67",
    "rating": 3.7,
    "publisher": 286,
    "pubdate": "2018-06-01",
    "authors": [
      11325
    ]
  }
},
{
  "model": "ann_agg.book",
  "pk": 1962,
  "fields": {
    "name": "Explicit Symmetry Breaking in Electrodynamic Systems and Electromagnetic Radiation",
    "pages": 318,
    "price": "88.20",
    "rating": 8.5,
    "publisher": 286,
    "pubdate": "2016-04-01",
    "authors": [
      11326
    ]
  }
},
{
  "model": "ann_agg.book",
  "pk": 1963,
  "fields": {
    "name": "Medical and Dental Guidance Notes — Radiation protection in the clinical environment: IPEM Report 113",
    "pages": 629,
    "price": "139.40",
    "rating": 2.6,
    "publisher": 286,
    "pubdate": "2019-07-02",
    "authors": [
      11327
    ]
  }
},
{
  "model": "ann_agg.book",
  "pk": 1964,
  "fields": {
    "name": "Energy Harvesting Properties of Electrospun Nanofibers",
    "pages": 247,
    "price": "217.00",
    "rating": 5.7,
    "publisher": 286,
    "pubdate": "2019-12-01",
    "authors": [
      11328
    ]
  }
},
{
  "model": "ann_agg.book",
  "pk": 1965,
  "fields": {
    "name": "Spectroscopic Techniques for Archaeological and Cultural Heritage Research",
    "pages": 278,
    "price": "89.33",
    "rating": 5.0,
    "publisher": 286,
    "pubdate": "2020-10-01",
    "authors": [
      11329
    ]
  }
},
{
  "model": "ann_agg.store",
  "pk": 1705,
  "fields": {
    "name": "Quantum science Store",
    "books": [
      1835,
      1836,
      1840,
      1843,
      1849,
      1857,
      1859,
      1863,
      1864,
      1865,
      1867,
      1875,
      1878,
      1882,
      1886,
      1887,
      1890,
      1891,
      1894,
      1898,
      1901,
      1902,
      1904,
      1910,
      1912,
      1917,
      1925,
      1926,
      1928,
      1929,
      1931,
      1933,
      1936,
      1940,
      1952,
      1953
    ]
  }
},
{
  "model": "ann_agg.store",
  "pk": 1706,
  "fields": {
    "name": "Biomedical engineering Store",
    "books": [
      1835,
      1836,
      1837,
      1838,
      1845,
      1848,
      1850,
      1852,
      1854,
      1856,
      1861,
      1862,
      1864,
      1866,
      1867,
      1871,
      1878,
      1879,
      1882,
      1883,
      1884,
      1885,
      1892,
      1895,
      1899,
      1900,
      1909,
      1910,
      1913,
      1917,
      1920,
      1921,
      1926,
      1929,
      1931,
      1933,
      1943,
      1948,
      1954
    ]
  }
},
{
  "model": "ann_agg.store",
  "pk": 1707,
  "fields": {
    "name": "Instrumentation and measurement Store",
    "books": [
      1838,
      1843,
      1848,
      1853,
      1855,
      1857,
      1858,
      1860,
      1861,
      1866,
      1872,
      1879,
      1882,
      1887,
      1891,
      1893,
      1895,
      1897,
      1902,
      1904,
      1909,
      1910,
      1911,
      1914,
      1916,
      1921,
      1925,
      1926,
      1929,
      1934,
      1936,
      1940,
      1943,
      1945,
      1947,
      1948
    ]
  }
},
{
  "model": "ann_agg.store",
  "pk": 1708,
  "fields": {
    "name": "Medical physics and biophysics Store",
    "books": [
      1837,
      1838,
      1839,
      1840,
      1844,
      1846,
      1848,
      1849,
      1850,
      1852,
      1862,
      1865,
      1873,
      1879,
      1881,
      1883,
      1884,
      1885,
      1886,
      1887,
      1889,
      1894,
      1895,
      1896,
      1898,
      1913,
      1914,
      1917,
      1920,
      1921,
      1922,
      1923,
      1928,
      1930,
      1931,
      1932
    ]
  }
},
{
  "model": "ann_agg.store",
  "pk": 1709,
  "fields": {
    "name": "Education and outreach Store",
    "books": [
      1837,
      1842,
      1843,
      1844,
      1845,
      1847,
      1853,
      1854,
      1860,
      1862,
      1872,
      1873,
      1874,
      1876,
      1881,
      1887,
      1888,
      1891,
      1892,
      1895,
      1900,
      1901,
      1903,
      1904,
      1906,
      1918,
      1919,
      1925,
      1929,
      1930,
      1931,
      1935,
      1937,
      1946,
      1949
    ]
  }
},
{
  "model": "ann_agg.store",
  "pk": 1710,
  "fields": {
    "name": "Materials Store",
    "books": [
      1841,
      1843,
      1844,
      1846,
      1848,
      1859,
      1862,
      1864,
      1873,
      1874,
      1875,
      1876,
      1878,
      1879,
      1885,
      1896,
      1897,
      1898,
      1900,
      1901,
      1902,
      1905,
      1906,
      1907,
      1908,
      1909,
      1910,
      1911,
      1913,
      1917,
      1923,
      1930,
      1931,
      1932,
      1940
    ]
  }
},
{
  "model": "ann_agg.store",
  "pk": 1711,
  "fields": {
    "name": "Mathematics and computation Store",
    "books": [
      1835,
      1844,
      1848,
      1849,
      1850,
      1852,
      1854,
      1857,
      1858,
      1859,
      1861,
      1863,
      1866,
      1868,
      1876,
      1877,
      1878,
      1883,
      1884,
      1902,
      1905,
      1907,
      1909,
      1910,
      1911,
      1913,
      1915,
      1916,
      1920,
      1921,
      1925,
      1926,
      1932,
      1933,
      1934,
      1939,
      1942,
      1951
    ]
  }
},
{
  "model": "ann_agg.store",
  "pk": 1712,
  "fields": {
    "name": "AAS: Stars and Stellar Physics Store",
    "books": [
      1838,
      1839,
      1843,
      1844,
      1849,
      1860,
      1861,
      1866,
      1867,
      1871,
      1872,
      1874,
      1876,
      1877,
      1881,
      1883,
      1885,
      1887,
      1888,
      1889,
      1893,
      1895,
      1897,
      1898,
      1902,
      1906,
      1910,
      1911,
      1912,
      1916,
      1920,
      1928,
      1930,
      1933,
      1935,
      1939,
      1942,
      1944,
      1954
    ]
  }
},
{
  "model": "ann_agg.store",
  "pk": 1713,
  "fields": {
    "name": "Plasmas Store",
    "books": [
      1839,
      1840,
      1848,
      1849,
      1855,
      1856,
      1857,
      1861,
      1867,
      1870,
      1873,
      1879,
      1885,
      1890,
      1892,
      1897,
      1898,
      1902,
      1904,
      1906,
      1909,
      1911,
      1912,
      1914,
      1916,
      1920,
      1921,
      1923,
      1924,
      1925,
      1934,
      1938,
      1943,
      1948,
      1953
    ]
  }
},
{
  "model": "ann_agg.store",
  "pk": 1714,
  "fields": {
    "name": "Astronomy and astrophysics Store",
    "books": [
      1835,
      1841,
      1842,
      1844,
      1845,
      1847,
      1849,
      1852,
      1853,
      1858,
      1861,
      1863,
      1870,
      1871,
      1876,
      1880,
      1887,
      1888,
      1891,
      1899,
      1900,
      1903,
      1906,
      1909,
      1910,
      1914,
      1915,
      1916,
      1917,
      1925,
      1926,
      1928,
      1932,
      1937,
      1939,
      1942,
      1944,
      1953,
      1954
    ]
  }
},
{
  "model": "ann_agg.store",
  "pk": 1715,
  "fields": {
    "name": "Optics and photonics Store",
    "books": [
      1837,
      1840,
      1841,
      1844,
      1850,
      1853,
      1854,
      1859,
      1860,
      1866,
      1872,
      1876,
      1878,
      1885,
      1886,
      1888,
      1889,
      1891,
      1892,
      1895,
      1897,
      1901,
      1905,
      1907,
      1908,
      1910,
      1911,
      1913,
      1919,
      1922,
      1923,
      1934,
      1935,
      1936,
      1938,
      1943,
      1944
    ]
  }
},
{
  "model": "ann_agg.store",
  "pk": 1716,
  "fields": {
    "name": "Environment and energy Store",
    "books": [
      1836,
      1838,
      1841,
      1851,
      1853,
      1854,
      1855,
      1856,
      1858,
      1859,
      1861,
      1862,
      1866,
      1867,
      1872,
      1877,
      1879,
      1880,
      1884,
      1891,
      1895,
      1897,
      1903,
      1905,
      1909,
      1910,
      1920,
      1922,
      1924,
      1928,
      1929,
      1932,
      1946,
      1947,
      1948,
      1953,
      1954
    ]
  }
},
{
  "model": "ann_agg.store",
  "pk": 1717,
  "fields": {
    "name": "Culture, history and society Store",
    "books": [
      1842,
      1848,
      1850,
      1852,
      1856,
      1858,
      1861,
      1872,
      1873,
      1874,
      1875,
      1879,
      1880,
      1881,
      1882,
      1883,
      1884,
      1885,
      1886,
      1889,
      1894,
      1897,
      1900,
      1904,
      1905,
      1906,
      1907,
      1908,
      1909,
      1911,
      1916,
      1917,
      1918,
      1919,
      1923,
      1930,
      1931,
      1935,
      1947
    ]
  }
},
{
  "model": "ann_agg.store",
  "pk": 1718,
  "fields": {
    "name": "Condensed matter Store",
    "books": [
      1835,
      1844,
      1851,
      1852,
      1855,
      1856,
      1857,
      1858,
      1860,
      1862,
      1865,
      1883,
      1884,
      1886,
      1887,
      1889,
      1891,
      1893,
      1894,
      1899,
      1902,
      1905,
      1906,
      1908,
      1910,
      1916,
      1917,
      1918,
      1919,
      1921,
      1923,
      1927,
      1928,
      1930,
      1933,
      1941,
      1949,
      1952
    ]
  }
},
{
  "model": "ann_agg.store",
  "pk": 1719,
  "fields": {
    "name": "AAS: The Solar System, Exoplanets, and Astrobiology Store",
    "books": [
      1837,
      1845,
      1848,
      1853,
      1855,
      1857,
      1859,
      1860,
      1861,
      1862,
      1863,
      1866,
      1867,
      1868,
      1869,
      1870,
      1872,
      1878,
      1884,
      1885,
      1887,
      1891,
      1892,
      1895,
      1896,
      1904,
      1914,
      1916,
      1918,
      1919,
      1920,
      1926,
      1929,
      1930,
      1934,
      1942,
      1951,
      1953
    ]
  }
},
{
  "model": "ann_agg.store",
  "pk": 1720,
  "fields": {
    "name": "Classical physics Store",
    "books": [
      1840,
      1843,
      1844,
      1845,
      1846,
      1847,
      1851,
      1856,
      1858,
      1859,
      1860,
      1862,
      1864,
      1868,
      1874,
      1875,
      1877,
      1882,
      1888,
      1895,
      1897,
      1901,
      1909,
      1910,
      1911,
      1912,
      1913,
      1916,
      1918,
      1919,
      1921,
      1923,
      1925,
      1927,
      1932,
      1934,
      1946
    ]
  }
},
{
  "model": "ann_agg.store",
  "pk": 1721,
  "fields": {
    "name": "Atomic and molecular physics Store",
    "books": [
      1836,
      1842,
      1854,
      1857,
      1861,
      1862,
      1864,
      1865,
      1866,
      1868,
      1871,
      1872,
      1875,
      1888,
      1893,
      1898,
      1900,
      1903,
      1904,
      1907,
      1909,
      1910,
      1912,
      1915,
      1916,
      1918,
      1919,
      1920,
      1921,
      1923,
      1925,
      1927,
      1929,
      1930,
      1933,
      1934,
      1937,
      1939
    ]
  }
},
{
  "model": "ann_agg.store",
  "pk": 1722,
  "fields": {
    "name": "AAS: Interstellar Matter and the Local Universe Store",
    "books": [
      1840,
      1841,
      1842,
      1847,
      1849,
      1851,
      1855,
      1856,
      1858,
      1859,
      1860,
      1863,
      1864,
      1866,
      1868,
      1872,
      1873,
      1875,
      1876,
      1877,
      1885,
      1889,
      1890,
      1892,
      1897,
      1901,
      1903,
      1906,
      1907,
      1914,
      1919,
      1922,
      1924,
      1928,
      1931,
      1934,
      1945,
      1950
    ]
  }
},
{
  "model": "ann_agg.store",
  "pk": 1723,
  "fields": {
    "name": "Particle and nuclear physics Store",
    "books": [
      1838,
      1843,
      1845,
      1856,
      1857,
      1858,
      1861,
      1864,
      1865,
      1867,
      1870,
      1872,
      1875,
      1879,
      1880,
      1881,
      1886,
      1887,
      1889,
      1891,
      1902,
      1904,
      1908,
      1909,
      1913,
      1917,
      1920,
      1928,
      1930,
      1932,
      1933,
      1934,
      1935,
      1943
    ]
  }
},
{
  "model": "ann_agg.store",
  "pk": 1724,
  "fields": {
    "name": "AAS: Galaxies and Cosmology Store",
    "books": [
      1843,
      1849,
      1852,
      1856,
      1858,
      1859,
      1860,
      1861,
      1862,
      1864,
      1866,
      1869,
      1871,
      1877,
      1884,
      1887,
      1893,
      1894,
      1895,
      1897,
      1899,
      1900,
      1905,
      1906,
      1910,
      1911,
      1915,
      1916,
      1921,
      1923,
      1928,
      1932,
      1938,
      1947,
      1948,
      1953
    ]
  }
}
]
